cod_dpt;cod_publicacion;title;descripcion;format;url
IMATACA;1;CROQUIS DE LA PARROQUIA IMATACA;CROQUIS DE LA PARROQUIA IMATACA;pptx;https://docs.google.com/presentation/d/1DyJw6aLPsh43NhmpAjXi4pmQON1uABjd/edit?usp=drive_link&ouid=105142876406402750370&rtpof=true&sd=true
JOSE VIDAL MARCANO;2;CROQUIS COMUNIDADES JOSE VIDAL MARCANO;COMUNIDADES JOSE VIDAL MARCANO;pptx;https://docs.google.com/presentation/d/1JjQsxPLEkrQBHN1klcI-p7idTpjXRtdl/edit?usp=drive_link&ouid=105142876406402750370&rtpof=true&sd=true
JUAN BAUTISTA ARISMENDI;3;CROQUIS PARROQUIA JUAN BAUTISTA ARISMENDI;CROQUIS PARROQUIA JUAN BAUTISTA ARISMENDI;pptx;https://docs.google.com/presentation/d/1MQHoehKn2nj1m2zwv25PrnwBlefMsXKP/edit?usp=drive_link&ouid=105142876406402750370&rtpof=true&sd=true
JUAN MILLAN;4;CROQUIS DE LAS COMUNIDADES JUAN MILLAN;CROQUIS DE LAS COMUNIDADES JUAN MILLAN;pptx;https://docs.google.com/presentation/d/1YvXFCsFlMzV7i_M3mc-EfqgzpW7xkeRq/edit?usp=drive_link&ouid=105142876406402750370&rtpof=true&sd=true
LEONARDO RUIZ PINEDA;5;CROQUIS DE LAS COMUNIDADES DE LEONARDO RUIZ PINEDA;CROQUIS DE LAS COMUNIDADES DE LEONARDO RUIZ PINEDA;pptx;https://docs.google.com/presentation/d/15qlfC3l0JVK5bcARaO77feAvqpvBFUNW/edit?usp=drive_link&ouid=105142876406402750370&rtpof=true&sd=true
ALMIRANTE LUIS BRIÓN;6;CROQUIS DE LAS COMUNIDADES INDIGENA ; CROQUIS DE LAS COMUNIDADES INDIGENA SECTOR BARCELONA ;pdf;https://drive.google.com/file/d/19X1dH1ABTt_G61WhrC8CLf80HSki2M-8/view?usp=drive_link
ALMIRANTE LUIS BRIÓN;7;CROQUIS DE LAS COMUNIDADES INDIGENA ; CROQUIS DE LAS COMUNIDADES INDIGENA SECTOR BELLA VISTA;pdf;https://drive.google.com/file/d/1EFyP6OZ2wgYUa0UC5wUpwqdUBf3Zd4tQ/view?usp=drive_link
ALMIRANTE LUIS BRIÓN;8;CROQUIS DE LAS COMUNIDADES INDIGENA ; CROQUIS DE LAS COMUNIDADES INDIGENA SECTOR BOCA CAIMAN;pdf;https://drive.google.com/file/d/1Bcn1mHTy_w9cn7UOdDqTk17psqsUQF3L/view?usp=drive_link
ALMIRANTE LUIS BRIÓN;9;CROQUIS DE LAS COMUNIDADES INDIGENA ; CROQUIS DE LAS COMUNIDADES INDIGENA SECTOR BOCA DE MANAO;pdf;https://drive.google.com/file/d/1HJiu2fS5hXcI3mKzDegoEWoYLEKSgh7P/view?usp=drive_link
ALMIRANTE LUIS BRIÓN;10;CROQUIS DE LAS COMUNIDADES INDIGENA ; CROQUIS DE LAS COMUNIDADES INDIGENA SECTOR BOCA DE PALOMA;pdf;https://drive.google.com/file/d/1nsuE4F5KW3WccKFjv8XnvWclgn7c_KjL/view?usp=drive_link
ALMIRANTE LUIS BRIÓN;11;CROQUIS DE LAS COMUNIDADES INDIGENA ; CROQUIS DE LAS COMUNIDADES INDIGENA SECTOR BOCA FRESCA;pdf;https://drive.google.com/file/d/1tZ_BeOnp_6IJca2L2kzjuQ43z9RciM2z/view?usp=drive_link
ALMIRANTE LUIS BRIÓN;12;CROQUIS DE LAS COMUNIDADES INDIGENA ; CROQUIS DE LAS COMUNIDADES INDIGENA SECTOR CARAPAL;pdf;https://drive.google.com/file/d/1-HWsvok9UhWjM3FFRaUdool-B4WyXd1V/view?usp=drive_link
ALMIRANTE LUIS BRIÓN;13;CROQUIS DE LAS COMUNIDADES INDIGENA ; CROQUIS DE LAS COMUNIDADES INDIGENA EL PAJUI;pdf;https://drive.google.com/file/d/1XaxiQ_Hv3Wov-vqgoe1ILK-jJtX50KsO/view?usp=drive_link
ALMIRANTE LUIS BRIÓN;14;CROQUIS DE LAS COMUNIDADES INDIGENA ; CROQUIS DE LAS COMUNIDADES INDIGENA EL TORITO;pdf;https://drive.google.com/file/d/1dSPRunRqMz5u7EAnBl9L7g_kKh34Y5Ir/view?usp=drive_link
ALMIRANTE LUIS BRIÓN;15;CROQUIS DE LAS COMUNIDADES INDIGENA ; CROQUIS DE LAS COMUNIDADES INDIGENA EL TORO;pdf;https://drive.google.com/file/d/1zEJCTeeyrNeu2_um-f8-vkq4RuScdj6c/view?usp=drive_link
ALMIRANTE LUIS BRIÓN;16;CROQUIS DE LAS COMUNIDADES INDIGENA ; CROQUIS DE LAS COMUNIDADES INDIGENA LA HORQUETA;pdf;https://drive.google.com/file/d/11O2LGlDFo8KsZB7b3ZY8tBS031pq5t87/view?usp=drive_link
ALMIRANTE LUIS BRIÓN;17;CROQUIS DE LAS COMUNIDADES INDIGENA ; CROQUIS DE LAS COMUNIDADES INDIGENA LA ISLA;pdf;https://drive.google.com/file/d/1tj_C1k1MWwCK2VKMPpGNcXyQb7YRx7kz/view?usp=drive_link
ALMIRANTE LUIS BRIÓN;18;CROQUIS DE LAS COMUNIDADES INDIGENA ; CROQUIS DE LAS COMUNIDADES INDIGENA MANOA;pdf;https://drive.google.com/file/d/1w3GdUJd-iZ5NxXNcLO6TDjq4pdE6GtmE/view?usp=drive_link
ALMIRANTE LUIS BRIÓN;19;CROQUIS DE LAS COMUNIDADES INDIGENA ; CROQUIS DE LAS COMUNIDADES INDIGENA OROCOIMA;pdf;https://drive.google.com/file/d/1R6ECU9jBVajCZjb13Dy1wMcvX4dBZ_H2/view?usp=drive_link
ALMIRANTE LUIS BRIÓN;20;CROQUIS DE LAS COMUNIDADES INDIGENA ; CROQUIS DE LAS COMUNIDADES INDIGENA OROCOIMA;pdf;https://drive.google.com/file/d/1R6ECU9jBVajCZjb13Dy1wMcvX4dBZ_H2/view?usp=drive_link
ALMIRANTE LUIS BRIÓN;21;CROQUIS DE LAS COMUNIDADES INDIGENA ; CROQUIS DE LAS COMUNIDADES INDIGENA PALOMA EL TORO;pdf;https://drive.google.com/file/d/1mCGpu1uUK6hDl3F4Vf6tcmuFVCaR9ELe/view?usp=drive_link
ALMIRANTE LUIS BRIÓN;22;CROQUIS DE LAS COMUNIDADES INDIGENA ; CROQUIS DE LAS COMUNIDADES INDIGENA SACUPANA DEL CERRO;pdf;https://drive.google.com/file/d/1tJd-_RyJ6O75psWE5sK0k1b6NNvgkkit/view?usp=drive_link
ALMIRANTE LUIS BRIÓN;23;CROQUIS DE LAS COMUNIDADES INDIGENA ; CROQUIS DE LAS COMUNIDADES INDIGENA VUELTA DE LA CEIBA;pdf;https://drive.google.com/file/d/1ShpWjiWy4Mph1Rirb3ydIEy0V0WXWiHo/view?usp=drive_link
MANUEL PIAR;24;CROQUIS DE LA  PARROQUIA MANUEL PIAR;CROQUIS DE LA  PARROQUIA MANUEL PIAR;pptx;https://docs.google.com/presentation/d/14sHbuCl46eDwJIZY4HJ8JWZsSDMLz484/edit?usp=drive_link&ouid=105142876406402750370&rtpof=true&sd=true
ALMIRANTE LUIS BRIÓN;25;CROQUIS MONSEÑOR ARGIMIRO GARCÍA; CROQUIS DE LAS COMUNIDADES INDIGENA Y CENTRO POBLADO;pptx;https://docs.google.com/presentation/d/1jqEwmCdC8FvGUHEw--_U4o6hi9m1kZy9/edit?usp=drive_link&ouid=105142876406402750370&rtpof=true&sd=true
ROMULO GALLEGOS;26;CROQUIS DE LA  PARROQUIA ROMULO GALLEGOS; CROQUIS DE LAS COMUNIDADES INDIGENA Y CENTRO POBLADO;pptx;https://docs.google.com/presentation/d/1fiPEoRiuSppTfjiBdvjgUeq0D6Jph2CW/edit?usp=drive_link&ouid=105142876406402750370&rtpof=true&sd=true
SAN RAFAEL;27;CROQUIS COMUNIDADES SAN RAFAEL; CROQUIS DE LAS COMUNIDADES INDIGENA Y CENTRO POBLADO;pptx;https://docs.google.com/presentation/d/1v354uD4Wq5tUS3q32K-7Tot1dqModJbb/edit?usp=drive_link&ouid=105142876406402750370&rtpof=true&sd=true
